{
    "variables":{
        "secret" :"",
        "access" : "",
        "region" : "us-west-2",
        "ami_name": "apache-from-packer"
    },
    "builders": [
        {
            "type": "amazon-ebs",
           "access_key": "{{user `access`}}",
           "secret_key": "{{user `secret`}}", 
           "region": "{{user `region`}}",
            "source_ami": "ami-f2d3638a",
            "instance_type": "t2.micro",
            "ssh_username": "ec2-user",
            "ami_name": "{{user `ami_name`}}"
          }
    ],
    "provisioners":[
        {
            "type": "shell",
            "inline": [
                "sudo yum install httpd -y",
                "sudo service httpd start",
                "sudo chkconfig httpd on"]
          }
    ]
}